{"filename":"cache","collections":["itemToExportFormat","Better CSL JSON","Better CSL YAML","Better BibTeX","Better BibLaTeX"],"databaseVersion":1.5,"engineVersion":1.5,"autosave":false,"autosaveInterval":5000,"autosaveHandle":null,"throttledSaves":false,"options":{"env":"NA","serializationMethod":"normal","destructureDelimiter":"$<\n"},"persistenceAdapter":null,"throttledSavePending":false,"throttledCallbacks":[],"verbose":false,"events":{"init":[null],"loaded":[],"flushChanges":[],"close":[],"changes":[],"warning":[]},"ENV":"NA","name":"Error"}