{"name":"Better BibLaTeX","data":[],"idIndex":null,"binaryIndices":{"itemID":{"name":"itemID","dirty":true,"values":[]},"exportNotes":{"name":"exportNotes","dirty":true,"values":[0,1,2,3,4,5,6,7,8,9,10,11,12,13,14,15,16,17,18,19,20,21,22,23,24,25,26,27,28,29,30,31,32,33,34,35,36,37,38,39,40,41,42,43,44,45,46,47,48,49,50,51,52,53,54,55,56,57,58,59,60,61,62,63,64,65,66,67,68,69,70,71,72,73,74,75,76,77,78,79,80,81,82,83,84,85,86,87,88,89,90,91,92,93,94,95,96,97,98,99,100,101,102,103,104,105,106,107,108]},"useJournalAbbreviation":{"name":"useJournalAbbreviation","dirty":true,"values":[]},"asciiBibLaTeX":{"name":"asciiBibLaTeX","dirty":true,"values":[]},"biblatexExtendedNameFormat":{"name":"biblatexExtendedNameFormat","dirty":true,"values":[]},"DOIandURL":{"name":"DOIandURL","dirty":true,"values":[]}},"constraints":null,"uniqueNames":[],"transforms":{"Better BibTeX metadata":[{"type":"Better BibTeX metadata","value":{"BetterBibTeX":"6.7.1"}}]},"objType":"Better BibLaTeX","dirty":true,"cachedIndex":null,"cachedBinaryIndex":null,"cachedData":null,"adaptiveBinaryIndices":false,"transactional":false,"cloneObjects":true,"cloneMethod":"parse-stringify","asyncListeners":false,"disableMeta":false,"disableChangesApi":true,"disableDeltaChangesApi":true,"autoupdate":false,"serializableIndices":true,"disableFreeze":true,"ttl":null,"maxId":109,"DynamicViews":[],"events":{"insert":[],"update":[],"pre-insert":[],"pre-update":[],"close":[],"flushbuffer":[],"error":[],"delete":[null],"warning":[null]},"changes":[],"dirtyIds":[]}