{"name":"Better CSL YAML","data":[],"idIndex":null,"binaryIndices":{"itemID":{"name":"itemID","dirty":true,"values":[]},"exportNotes":{"name":"exportNotes","dirty":true,"values":[]},"useJournalAbbreviation":{"name":"useJournalAbbreviation","dirty":true,"values":[]}},"constraints":null,"uniqueNames":[],"transforms":{},"objType":"Better CSL YAML","dirty":true,"cachedIndex":null,"cachedBinaryIndex":null,"cachedData":null,"adaptiveBinaryIndices":false,"transactional":false,"cloneObjects":true,"cloneMethod":"parse-stringify","asyncListeners":false,"disableMeta":false,"disableChangesApi":true,"disableDeltaChangesApi":true,"autoupdate":false,"serializableIndices":true,"disableFreeze":true,"ttl":null,"maxId":0,"DynamicViews":[],"events":{"insert":[],"update":[],"pre-insert":[],"pre-update":[],"close":[],"flushbuffer":[],"error":[],"delete":[null],"warning":[null]},"changes":[],"dirtyIds":[]}