{"name":"itemToExportFormat","data":[],"idIndex":null,"binaryIndices":{"itemID":{"name":"itemID","dirty":true,"values":[57,2,25,103,4,18,68,56,83,23,24,108,11,21,15,67,82,98,79,73,5,13,78,101,35,96,39,27,0,64,48,52,84,28,66,90,34,33,92,100,37,88,44,51,60,26,9,59,91,65,85,102,50,3,61,81,72,47,71,30,14,12,99,7,105,53,29,80,63,93,46,49,10,55,31,70,54,77,106,74,17,6,32,20,94,45,42,1,76,109,36,75,43,58,97,40,95,87,69,62,104,22,16,107,89,86,41,8,19,38]}},"constraints":null,"uniqueNames":[],"transforms":{"Better BibTeX metadata":[{"type":"Better BibTeX metadata","value":{"Zotero":"6.0.18"}}]},"objType":"itemToExportFormat","dirty":true,"cachedIndex":null,"cachedBinaryIndex":null,"cachedData":null,"adaptiveBinaryIndices":false,"transactional":false,"cloneObjects":true,"cloneMethod":"parse-stringify","asyncListeners":false,"disableMeta":false,"disableChangesApi":true,"disableDeltaChangesApi":true,"autoupdate":false,"serializableIndices":true,"disableFreeze":true,"ttl":null,"maxId":110,"DynamicViews":[],"events":{"insert":[],"update":[],"pre-insert":[],"pre-update":[],"close":[],"flushbuffer":[],"error":[],"delete":[null],"warning":[null]},"changes":[],"dirtyIds":[]}