[
	{
		"_name": "CrossRef Lookup",
		"_alias": "CrossRef",
		"_description": "CrossRef Search Engine",
		"_icon": null,
		"_hidden": false,
		"_urlTemplate": "https://crossref.org/openurl?{z:openURL}&pid=zter:zter321",
		"_urlParams": [],
		"_urlNamespaces": {
			"z": "http://www.zotero.org/namespaces/openSearch#",
			"": "http://a9.com/-/spec/opensearch/1.1/"
		},
		"_iconSourceURI": "https://crossref.org/favicon.ico"
	},
	{
		"_name": "Google Scholar Search",
		"_alias": "Google Scholar",
		"_description": "Google Scholar Search",
		"_icon": "file:///Volumes/GoogleDrive-112640561557200108006/My%20Drive/projects/zotero/locate/Google%20Scholar%20Search.ico",
		"_hidden": false,
		"_urlTemplate": "https://scholar.google.com/scholar?as_q=&as_epq={z:title}&as_occt=title&as_sauthors={rft:aufirst?}+{rft:aulast?}&as_ylo={z:year?}&as_yhi={z:year?}&as_sdt=1.&as_sdtp=on&as_sdtf=&as_sdts=22&",
		"_urlParams": [],
		"_urlNamespaces": {
			"rft": "info:ofi/fmt:kev:mtx:journal",
			"z": "http://www.zotero.org/namespaces/openSearch#",
			"": "http://a9.com/-/spec/opensearch/1.1/"
		},
		"_iconSourceURI": "https://scholar.google.com/favicon.ico"
	}
]